experiment,config,rep,label,interval_us,batch,read_period_us,work_us,policy,stream_s,requested_hz,achieved_hz,overruns,overruns_per_s,received,driver_dropped,app_dropped,shutdown_discarded,reads_per_s,records_per_read,proc_cpu_pct,proc_cpu_s,producer_cpu_pct,procstat_cpu_s,read_p50_us,read_p95_us,read_p99_us,read_max_us,worker_p50_us,worker_p99_us,jitter_p50_us,jitter_p99_us,ok
batch,period1ms_b256,1,batch/period1ms_b256,50,256,1000,0.0,drop,20.000078,20000.0,19987.3,253,12.649950665192407,399748,0,0,0,1061.2958609461423,18.832940733063225,1.2,0.248,0.09699962170147537,0.119993532,497.664,946.176,954.368,3691.203,505.856,970.752,0.796,9.92,True
batch,period1ms_b256,2,batch/period1ms_b256,50,256,1000,0.0,drop,20.000084,20000.0,19982.5,349,17.449926710307818,399652,0,0,0,1006.8957710377616,19.845664912106464,1.2,0.23399999999999999,0.09699959260171107,0.11999641800000001,493.568,946.176,954.368,2548.934,509.952,970.752,0.708,8.768,True
batch,period1ms_b256,3,batch/period1ms_b256,50,256,1000,0.0,drop,20.000074,20000.0,19997.5,50,2.499990750034225,399951,0,0,0,1010.3462617188316,19.79269560053447,1.2,0.249,0.08949966885122525,0.0,497.664,970.752,978.944,3092.983,514.048,995.328,0.7,13.248,True
batch,period1ms_b256,4,batch/period1ms_b256,50,256,1000,0.0,drop,20.000066,20000.0,19995.7,85,4.2499859750462825,399915,0,0,0,1003.4466886259275,19.927001843639445,1.2,0.241,0.09299969310101276,1.67992608,497.664,954.368,987.136,3020.06,509.952,1003.52,0.772,21.376,True
batch,period1ms_b256,5,batch/period1ms_b256,50,256,1000,0.0,drop,20.000068,20000.0,19996.6,67,3.349988610038726,399933,0,0,0,1066.0463754423236,18.75770367243563,1.3,0.267,0.08849969910102307,0.11999580000000001,493.568,954.368,1105.92,2612.025,505.856,1122.304,1.048,24.704,True
batch,period5ms_b256,1,batch/period5ms_b256,50,256,5000,0.0,drop,20.000057,20000.0,19997.5,49,2.4499930175199,399951,0,0,0,200.34942900412733,99.81307711504867,0.3,0.051000000000000004,0.08399976060068227,0.0,2473.984,4751.36,4947.968,6253.51,2506.752,4947.968,0.748,12.48,True
batch,period5ms_b256,2,batch/period5ms_b256,50,256,5000,0.0,drop,20.000061,20000.0,19994.7,105,5.2499839875488385,399895,0,0,0,222.74932061457213,89.7631874298541,0.3,0.064,0.08899972855082793,0.0,2506.752,4816.896,5472.256,6586.034,2506.752,5472.256,0.708,10.304,True
batch,period5ms_b256,3,batch/period5ms_b256,50,256,5000,0.0,drop,20.000059,20000.0,19997.0,58,2.899991445025237,399942,0,0,0,289.34914642001803,69.1104199066874,0.4,0.082,0.08199975810071361,0.0,2473.984,4751.36,5013.504,6476.85,2506.752,5013.504,0.692,14.656,True
batch,period5ms_b256,4,batch/period5ms_b256,50,256,5000,0.0,drop,20.000054,20000.0,19997.5,48,2.399993520017496,399952,0,0,0,320.9991333023401,62.29781931464174,0.4,0.08499999999999999,0.07749979075056498,0.119997114,2473.984,4816.896,6324.224,7427.351,2506.752,6324.224,0.692,16.768,True
batch,period5ms_b256,5,batch/period5ms_b256,50,256,5000,0.0,drop,20.000056,20000.0,19997.3,53,2.649992580020776,399947,0,0,0,202.79943216158995,98.60626232741618,0.3,0.057,0.08149977180063896,0.0,2506.752,4751.36,5210.112,7451.941,2506.752,5210.112,0.708,18.304,True
batch,ready_b1,1,batch/ready_b1,50,1,0,0.0,drop,20.000039,20000.0,19998.0,40,1.999996100007605,399960,0,0,0,19997.96100397604,1.0,22.7,4.545999999999999,3.8089925724644838,5.5200000000000005,12.608,15.808,17.28,402.133,23.936,34.048,0.748,26.496,True
batch,ready_b1,2,batch/ready_b1,50,1,0,0.0,drop,20.000043,20000.0,19997.1,57,2.8499938725131737,399943,0,0,0,19997.107006219936,1.0,20.8,4.165,3.2554930006900484,0.119999532,12.224,15.424,17.024,764.927,23.168,32.64,3.12,12.096,True
batch,ready_b1,3,batch/ready_b1,50,1,0,0.0,drop,20.000068,20000.0,19998.8,24,1.1999959200138721,399977,0,0,0,19998.782004141187,1.0,21.6,4.318,3.1919891472368995,4.79997672,12.48,15.68,16.768,951.921,23.68,32.64,0.796,10.816,True
batch,ready_b1,4,batch/ready_b1,50,1,0,0.0,drop,20.000045,20000.0,19998.7,26,1.2999970750065812,399974,0,0,0,19998.655003026244,1.0,23.0,4.606,3.3479924670169487,0.7200000360000002,12.864,15.552,16.512,411.48,24.448,33.024,0.78,26.496,True
batch,ready_b1,5,batch/ready_b1,50,1,0,0.0,drop,20.000046,20000.0,19997.3,54,2.699993790014283,399946,0,0,0,19997.254006315783,1.0,21.5,4.297000000000001,3.047992989616124,0.3599981460000001,12.352,15.296,16.768,852.68,23.424,33.024,0.716,26.24,True
batch,ready_b64,1,batch/ready_b64,50,64,0,0.0,drop,20.000064,20000.0,19989.9,201,10.049967840102912,399799,0,0,0,19974.48608164454,1.000770981073416,22.8,4.5569999999999995,3.9469873696404174,0.23999890799999998,12.864,16.32,18.304,610.012,24.192,37.632,0.916,26.496,True
batch,ready_b64,2,batch/ready_b64,50,64,0,0.0,drop,20.000045,20000.0,19992.3,153,7.649982787538728,399847,0,0,0,19979.355046451146,1.000648167612641,22.1,4.425,3.8424913543944523,0.119998602,12.736,16.192,18.048,984.148,24.192,34.56,0.724,10.944,True
batch,ready_b64,3,batch/ready_b64,50,64,0,0.0,drop,20.000057,20000.0,19998.6,27,1.3499961525109652,399973,0,0,0,19992.293021964884,1.000315120533604,22.5,4.497,3.715489410855179,1.6799837039999999,14.016,15.936,17.024,981.267,24.704,33.024,0.708,10.432,True
batch,ready_b64,4,batch/ready_b64,50,64,0,0.0,drop,20.000045,20000.0,19998.6,28,1.3999968500070874,399972,0,0,0,19994.00501348872,1.0002275677013912,24.1,4.817,3.8879912520196824,2.399991,13.888,15.936,17.28,573.326,25.472,34.56,0.804,26.496,True
batch,ready_b64,5,batch/ready_b64,50,64,0,0.0,drop,20.000079,20000.0,19998.1,38,1.8999924950296447,399963,0,0,0,19988.671044749375,1.0004702645237946,24.7,4.934,3.785485047334063,5.039936748000001,13.248,15.936,18.304,1171.125,25.984,35.072,2.768,27.776,True
cpuacct,iv100,1,cpuacct/iv100,100,64,0,0.0,drop,5.000042,10000.0,9999.3,3,0.5999949600423357,49997,0,0,0,9998.316014145483,1.0001000160025604,11.0,0.549,1.8959840737337808,0.0,14.4,15.68,17.792,111.927,26.496,35.072,6.496,14.912,True
cpuacct,iv100,2,cpuacct/iv100,100,64,0,0.0,drop,5.000051,10000.0,9999.1,4,0.7999918400832311,49996,0,0,0,9995.09804999989,1.0004001920922043,12.5,0.624,2.04997909021328,3.3298861140000002,14.784,18.048,25.984,763.247,28.032,50.944,1.384,16.768,True
cpuacct,iv100,3,cpuacct/iv100,100,64,0,0.0,drop,5.000057,10000.0,9993.9,30,5.999931600779751,49970,0,0,0,9992.486085658624,1.0001401036767208,11.3,0.565,2.0639764706682344,0.059999172,14.656,15.552,19.584,495.477,26.752,38.656,0.788,28.288,True
cpuacct,iv100,4,cpuacct/iv100,100,64,0,0.0,drop,5.000067,10000.0,9999.9,0,0.0,50000,0,0,0,9997.26603663511,1.0002600676175806,11.5,0.576,1.9639736827526513,1.64992014,14.4,16.768,22.4,962.264,26.496,44.8,1.32,31.104,True
cpuacct,iv100,5,cpuacct/iv100,100,64,0,0.0,drop,5.000084,10000.0,9999.6,1,0.19999664005644704,49999,0,0,0,9998.032033061843,1.0001600288051848,12.6,0.628,2.1459639478056767,0.47998617600000004,15.04,16.192,23.68,781.836,29.824,46.848,1.4,39.68,True
cpuacct,iv137,1,cpuacct/iv137,137,64,0,0.0,drop,5.000072,7299.3,7281.9,86,17.19975232356654,36410,0,0,0,7276.495218468854,1.0007421048291785,8.5,0.42300000000000004,1.083984390624775,0.29999676,4.448,16.192,25.984,1076.615,19.584,53.504,0.98,12.224,True
cpuacct,iv137,2,cpuacct/iv137,137,64,0,0.0,drop,5.000065,7299.3,7297.9,6,1.1999844002027973,36490,0,0,0,7294.305174032737,1.0004935292827375,9.1,0.455,1.6839781082845922,0.329997162,14.784,18.048,28.032,472.145,28.032,56.576,1.464,18.304,True
cpuacct,iv137,3,cpuacct/iv137,137,64,0,0.0,drop,5.000065,7299.3,7299.1,0,0.0,36496,0,0,0,7298.105124633379,1.0001370200871447,8.2,0.41200000000000003,1.5659796422646504,0.26999794800000004,14.528,15.424,22.144,375.293,26.752,43.776,1.096,29.312,True
cpuacct,iv137,4,cpuacct/iv137,137,64,0,0.0,drop,5.000065,7299.3,7299.1,0,0.0,36496,0,0,0,7298.105124633379,1.0001370200871447,8.1,0.40700000000000003,1.345982502227471,0.26999973000000005,14.4,15.424,21.12,289.722,26.496,41.216,22.912,29.568,True
cpuacct,iv137,5,cpuacct/iv137,137,64,0,0.0,drop,5.00007,7299.3,7299.1,0,0.0,36496,0,0,0,7298.097826630427,1.0001370200871447,9.1,0.455,1.5779779083092835,0.35999042400000003,15.04,16.192,24.704,679.28,29.824,48.896,1.784,32.384,True
load,w0us_block,1,load/w0us_block,100,64,0,0.0,block,20.000051,10000.0,9999.0,19,0.9499975775061774,199981,0,0,0,9997.924505292513,1.0001100225546238,11.7,2.341,2.124494582538815,2.0399859240000002,14.912,16.192,18.304,764.424,27.776,36.608,1.224,14.656,True
load,w0us_block,2,load/w0us_block,100,64,0,0.0,block,20.000052,10000.0,9998.7,26,1.299996620008788,199974,0,0,0,9997.674006047584,1.0001000230052912,11.4,2.271,1.4789961546099981,0.0,4.32,15.296,16.512,714.106,21.12,33.024,0.9,13.376,True
load,w0us_block,3,load/w0us_block,100,64,0,0.0,block,20.000056,10000.0,9999.8,3,0.149999580001176,199997,0,0,0,9999.022002738391,1.0000800076007221,11.8,2.353,1.967494491015425,5.519952804,14.784,15.552,17.28,776.996,27.52,34.048,2.544,15.808,True
load,w0us_block,4,load/w0us_block,100,64,0,0.0,block,20.000056,10000.0,9999.4,11,0.549998460004312,199989,0,0,0,9998.87200315839,1.0000550060506657,11.6,2.315,1.9979944056156642,0.47999985600000006,14.656,15.552,16.768,329.012,27.52,33.024,0.732,30.592,True
load,w0us_block,5,load/w0us_block,100,64,0,0.0,block,20.000064,10000.0,9999.8,4,0.19999936000204802,199996,0,0,0,9998.568004582386,1.0001200168023523,11.8,2.3609999999999998,1.9824936560203008,0.47999472000000004,14.784,15.68,17.536,879.94,27.52,34.048,1.304,34.048,True
load,w0us_drop,1,load/w0us_drop,100,64,0,0.0,drop,20.00005,10000.0,9998.9,22,1.0999972500068749,199978,0,0,0,9997.525006187483,1.0001350330831054,11.7,2.336,2.0519948700128245,0.11999925,14.784,16.192,18.56,908.353,27.52,36.096,1.464,15.68,True
load,w0us_drop,2,load/w0us_drop,100,64,0,0.0,drop,20.000129,10000.0,9997.7,45,2.2499854875936047,199956,0,0,0,9995.53552879584,1.0002200968426107,11.5,2.307,1.8729879192279208,0.0,14.528,16.064,18.56,806.388,27.008,36.096,2.832,16.512,True
load,w0us_drop,3,load/w0us_drop,100,64,0,0.0,drop,20.000048,10000.0,9999.9,2,0.099999760000576,199998,0,0,0,9999.426001377597,1.0000450024751362,11.7,2.346,1.9814952444114131,0.480000648,14.784,15.808,17.28,115.458,27.52,34.048,1.304,13.248,True
load,w0us_drop,4,load/w0us_drop,100,64,0,0.0,drop,20.000059,10000.0,9999.5,9,0.4499986725039161,199991,0,0,0,9998.920503184516,1.0000600063006615,11.8,2.366,2.04999395251784,7.679978112,14.784,15.68,17.28,459.291,27.52,34.56,0.716,30.848,True
load,w0us_drop,5,load/w0us_drop,100,64,0,0.0,drop,20.00007,10000.0,9999.5,9,0.44999842500551246,199991,0,0,0,9998.615004847483,1.0000900121516405,11.7,2.336,1.8374935687725091,8.999951399999999,14.656,17.792,22.144,651.498,27.264,37.12,1.384,34.048,True
load,w100us_block,1,load/w100us_block,100,64,0,100.0,block,20.00005,10000.0,9998.0,39,1.9499951250121874,199961,0,0,0,9995.22501193747,1.000280133063205,114.1,22.828000000000003,2.0939947650130875,23.759862192000003,16.192,17.28,20.096,804.536,31.872,35.584,1.272,16.064,True
load,w100us_block,2,load/w100us_block,100,64,0,100.0,block,20.000051,10000.0,9998.4,31,1.549996047510079,199969,0,0,0,9995.374511794995,1.0003051403645677,113.5,22.708000000000002,2.2114943606893807,20.879844444,16.192,17.28,20.352,831.84,31.616,36.096,1.496,18.56,True
load,w100us_block,3,load/w100us_block,100,64,0,100.0,block,20.000045,10000.0,9999.7,5,0.24999943750126563,199995,0,0,0,9997.827504888113,1.0001900408587847,113.5,22.706999999999997,1.9184956833847122,20.879891424,15.936,17.28,21.12,769.274,29.056,37.12,2.224,19.84,True
load,w100us_block,4,load/w100us_block,100,64,0,100.0,block,20.000051,10000.0,9999.4,11,0.5499985975035764,199989,0,0,0,9998.124504782514,1.0001300240544502,113.4,22.686,2.0619947419134084,22.20001332,16.064,17.024,18.304,440.651,31.36,34.56,2.48,27.52,True
load,w100us_block,5,load/w100us_block,100,64,0,100.0,block,20.000064,10000.0,9999.6,8,0.39999872000409603,199992,0,0,0,9997.668007462376,1.0001900437100533,113.7,22.75,2.066993385621166,23.639908986,16.064,17.28,20.608,776.81,30.848,37.632,2.608,28.8,True
load,w100us_drop,1,load/w100us_drop,100,64,0,100.0,drop,20.000051,10000.0,9998.6,28,1.3999964300091035,199972,0,0,0,9994.42451421749,1.0004152304529013,113.6,22.721999999999998,2.204494378539335,21.599776440000003,16.192,18.048,21.888,937.96,29.824,39.168,1.56,19.584,True
load,w100us_drop,2,load/w100us_drop,100,64,0,100.0,drop,20.000048,10000.0,9999.6,8,0.399999040002304,199992,0,0,0,9997.526005937585,1.000205050237308,113.4,22.684,2.037495110011736,20.880019836000002,16.192,17.024,19.072,377.972,30.592,35.072,1.448,18.816,True
load,w100us_drop,3,load/w100us_drop,100,64,0,100.0,drop,20.000049,10000.0,9999.2,15,0.7499981625045018,199985,0,0,0,9996.675508145005,1.0002550841777786,113.7,22.731,2.1534947239379263,20.879749439999998,16.192,17.28,19.072,979.918,31.104,35.072,2.576,18.816,True
load,w100us_drop,4,load/w100us_drop,100,64,0,100.0,drop,20.00006,10000.0,9999.6,8,0.39999880000359994,199992,0,0,0,9998.270005189985,1.0001300221037577,113.6,22.716,2.1524935425193723,21.600022680000002,16.064,17.024,18.56,490.056,31.104,34.048,1.48,26.496,True
load,w100us_drop,5,load/w100us_drop,100,64,0,100.0,drop,20.000052,10000.0,9999.5,9,0.44999883000304197,199991,0,0,0,9997.424006697582,1.0002100535636587,113.4,22.67,2.0729946102140135,25.079816916,15.808,17.536,21.376,768.831,30.848,38.656,23.168,30.08,True
load,w250us_block,1,load/w250us_block,100,64,0,250.0,block,20.000068,10000.0,9994.7,105,5.24998215006069,165120,34775,0,0,191.64934839221547,43.07852856770154,200.1,41.329,0.22549923330260677,41.645336544,123207.68,127401.984,127401.984,128098.41,641728.512,649970.627,0.876,11.2,True
load,w250us_block,2,load/w250us_block,100,64,0,250.0,block,20.000066,10000.0,9997.3,54,2.699991090029403,165110,34836,0,0,190.84937019707834,43.25648414985591,200.1,41.323,0.2069993169022542,41.632363584000004,122159.104,127401.984,127401.984,128949.094,641728.512,650117.12,0.812,8.64,True
load,w250us_block,3,load/w250us_block,100,64,0,250.0,block,20.000077,10000.0,9995.4,92,4.599982290068183,165124,34784,0,0,195.14924867539258,42.30694337688957,200.0,41.312999999999995,0.24399906060361665,41.642530271999995,121110.528,127401.984,127401.984,128159.824,641728.512,649980.282,1.176,10.432,True
load,w250us_block,4,load/w250us_block,100,64,0,250.0,block,20.000074,10000.0,9996.1,78,3.8999855700533903,165122,34800,0,0,197.14927054769896,41.8772508242455,200.1,41.338,0.25649905095351144,41.648193216,122159.104,127401.984,127401.984,128198.692,641728.512,650117.12,0.804,16.192,True
load,w250us_block,5,load/w250us_block,100,64,0,250.0,block,20.000102,10000.0,9997.7,45,2.2499885250585225,165147,34808,0,0,190.6990274349601,43.30020975353959,200.0,41.326,0.2589986791067366,41.646677184,124256.256,127401.984,128148.252,128148.252,641728.512,649869.657,1.272,18.56,True
load,w250us_drop,1,load/w250us_drop,100,64,0,250.0,drop,20.000054,10000.0,9996.3,73,3.649990145026609,199927,0,39978,0,9988.97302977282,1.0007358093903294,204.8,40.969,1.9184948200639858,40.81632,12.352,15.808,19.584,1273.232,7962.624,8159.232,0.908,8.512,True
load,w250us_drop,2,load/w250us_drop,100,64,0,250.0,drop,20.000067,10000.0,9999.5,9,0.4499984925050501,199991,0,40023,0,9995.566514852175,1.0003951738765056,204.7,40.953,2.149992797524128,40.93618181400001,12.48,15.68,19.072,782.222,7962.624,8093.696,0.836,7.584,True
load,w250us_drop,3,load/w250us_drop,100,64,0,250.0,drop,20.000061,10000.0,9999.1,18,0.8999972550083722,199982,0,40018,0,9993.519519765465,1.000555358206043,204.6,40.946,1.9589940250682236,40.81640772,12.352,15.808,19.072,886.733,7962.624,8093.696,0.932,7.776,True
load,w250us_drop,4,load/w250us_drop,100,64,0,250.0,drop,20.000063,10000.0,9998.3,34,1.6999946450168681,199966,0,40005,0,9994.718516636673,1.0003551864728983,204.6,40.944,1.8914940417937685,40.81633836,12.224,14.4,17.28,1401.177,7962.624,8093.696,0.676,7.264,True
load,w250us_drop,5,load/w250us_drop,100,64,0,250.0,drop,20.000065,10000.0,9999.1,17,0.8499972375089782,199983,0,40017,0,9993.267521880554,1.0005853922127825,204.8,40.975,2.1464930238976723,40.816305719999995,12.48,15.04,19.072,889.409,7962.624,8093.696,1.272,9.408,True
rate,iv1000,1,rate/iv1000,1000,64,0,0.0,drop,20.000842,1000.0,983.9,321,16.049324323445983,19679,0,0,0,982.8086237569399,1.0011191941801902,3.7,0.735,0.7474685315748207,0.12000676800000001,27.776,76.288,193.536,4909.418,54.016,342.016,41.728,675.84,True
rate,iv1000,2,rate/iv1000,1000,64,0,0.0,drop,20.000261,1000.0,998.9,21,1.0499862976788155,19979,0,0,0,998.7369664825875,1.000200250312891,4.7,0.9369999999999999,0.908988137704803,2.28004104,51.456,65.28,112.128,1303.809,101.888,211.968,6.048,205.824,True
rate,iv1000,3,rate/iv1000,1000,64,0,0.0,drop,20.000195,1000.0,996.0,79,3.949961487875493,19921,0,0,0,995.3402954321194,1.00070327020646,5.5,1.093,1.0979892946043774,0.240003684,52.48,74.24,144.384,5001.125,103.936,288.768,18.304,346.112,True
rate,iv1000,4,rate/iv1000,1000,64,0,0.0,drop,20.000331,1000.0,993.1,138,6.8998858068898965,19862,0,0,0,992.933566949467,1.0001510650083085,3.7,0.75,0.715988150396111,0.9600164640000001,26.24,70.144,150.528,3875.938,51.456,268.288,22.144,468.992,True
rate,iv1000,5,rate/iv1000,1000,64,0,0.0,drop,20.000422,1000.0,982.5,350,17.49963075779101,19650,0,0,0,982.0292791822093,1.0004582251412861,3.7,0.745,0.6489863063889352,0.12000224400000001,24.448,65.28,146.432,2394.527,50.432,264.192,23.68,528.384,True
rate,iv100,1,rate/iv100,100,64,0,0.0,drop,20.000062,10000.0,9999.6,8,0.399998760003844,199992,0,0,0,9999.01900304109,1.0000550052254964,11.2,2.248,1.8349943115176344,0.0,14.528,15.552,17.024,481.092,26.752,33.536,0.668,26.752,True
rate,iv100,2,rate/iv100,100,64,0,0.0,drop,20.00005,10000.0,9997.6,48,2.399994000015,199952,0,0,0,9995.37501156247,1.0002201012465735,11.6,2.3129999999999997,2.048994877512806,0.239998392,14.656,16.192,18.816,752.602,27.264,37.12,0.772,7.648,True
rate,iv100,3,rate/iv100,100,64,0,0.0,drop,20.000096,10000.0,9999.7,6,0.299998560006912,199994,0,0,0,9998.602006710367,1.0001050141769139,11.8,2.362,1.8939909088436377,0.0,14.784,15.68,17.792,781.47,27.776,34.56,0.462,10.944,True
rate,iv100,4,rate/iv100,100,64,0,0.0,drop,20.000067,10000.0,9999.4,11,0.5499981575061723,199989,0,0,0,9998.71650429971,1.0000700087510939,11.6,2.324,1.935493516096721,0.59999841,14.784,15.68,17.024,487.44,27.52,33.536,1.096,32.64,True
rate,iv100,5,rate/iv100,100,64,0,0.0,drop,20.000057,10000.0,9999.9,2,0.09999971500081224,199998,0,0,0,9999.42150164872,1.0000450024751362,11.0,2.202,1.7089951293638812,0.0,14.272,15.04,16.32,405.459,26.24,32.384,1.208,31.616,True
rate,iv10,1,rate/iv10,10,64,0,0.0,drop,20.000076,100000.0,83736.4,325272,16263.538198554845,1674734,0,0,0,61739.065391551514,1.3562949369364408,76.1,15.211,6.415475621192639,10.679855286,5.408,16.768,23.936,1206.607,20.608,59.648,4.768,13.632,True
rate,iv10,2,rate/iv10,10,64,0,0.0,drop,20.000329,100000.0,83793.8,324128,16206.13340910542,1675903,0,0,0,54892.39702006902,1.5265096104624791,71.4,14.270000000000001,8.813855012085051,10.91811084,8.64,19.328,25.984,11090.072,25.216,63.232,4.384,13.12,True
rate,iv10,3,rate/iv10,10,64,0,0.0,drop,20.00054,100000.0,82706.7,345874,17293.233082706767,1654178,0,0,0,51851.650005449854,1.5950633569288595,68.1,13.606000000000002,9.639739727027369,9.116993136,10.048,19.584,25.728,10004.301,27.008,62.72,4.576,12.992,True
rate,iv10,4,rate/iv10,10,64,0,0.0,drop,20.00008,100000.0,82127.9,357441,17871.978512085952,1642565,0,0,0,54845.88061647753,1.4974309932702599,68.8,13.767,8.708465166139336,10.919813268,8.384,17.536,25.984,1316.317,24.448,61.184,5.28,14.016,True
rate,iv10,5,rate/iv10,10,64,0,0.0,drop,20.000078,100000.0,82767.6,344648,17232.332793902104,1655358,0,0,0,55871.732100244815,1.4813855610910305,71.8,14.357000000000001,8.218467947975004,10.679813634,7.584,17.536,25.472,1428.366,23.936,61.696,4.96,13.888,True
rate,iv200,1,rate/iv200,200,64,0,0.0,drop,20.000093,5000.0,4999.8,4,0.1999990700043245,99996,0,0,0,4999.676751503105,1.000020001200072,6.3,1.266,1.0269952244722063,0.0,15.168,17.536,20.864,309.589,29.824,41.728,1.304,35.584,True
rate,iv200,2,rate/iv200,200,64,0,0.0,drop,20.000074,5000.0,4999.7,5,0.24999907500342247,99995,0,0,0,4999.581501548444,1.000030002400192,6.1,1.215,1.0849959855148534,0.0,15.04,16.768,19.072,576.802,29.568,37.12,1.4,15.04,True
rate,iv200,3,rate/iv200,200,64,0,0.0,drop,20.000073,5000.0,4999.9,2,0.09999963500133224,99998,0,0,0,4999.731750979109,1.000030001500075,6.1,1.219,1.0509961638640017,0.0,14.912,16.768,18.816,736.917,29.056,37.12,1.528,14.656,True
rate,iv200,4,rate/iv200,200,64,0,0.0,drop,20.000095,5000.0,4999.7,6,0.2999985750067687,99994,0,0,0,4999.626251775304,1.000010000700049,6.4,1.2850000000000001,1.1444945636508226,0.239999448,16.192,17.792,19.584,368.41,31.616,38.656,1.144,35.072,True
rate,iv200,5,rate/iv200,200,64,0,0.0,drop,20.000117,5000.0,4999.5,10,0.49999707501711116,99990,0,0,0,4999.220754558586,1.0000500075011252,6.9,1.3820000000000001,1.2569926465930175,0.7200012960000002,16.064,20.864,27.264,446.671,31.616,52.992,1.496,48.896,True
rate,iv20,1,rate/iv20,20,64,0,0.0,drop,20.000034,50000.0,49751.7,4965,248.24957797571744,995036,0,0,0,38294.73489895067,1.2991790008042867,49.9,9.981,6.973488145070154,5.039990676,11.712,17.024,18.56,384.757,26.752,60.672,5.536,16.512,True
rate,iv20,2,rate/iv20,20,64,0,0.0,drop,20.00009,50000.0,49802.1,3957,197.84910967900643,996046,0,0,0,40829.5662669518,1.2197552030076109,54.2,10.838,7.550466022902897,9.359576928000001,12.352,17.28,21.888,2846.026,27.776,62.72,3.952,16.512,True
rate,iv20,3,rate/iv20,20,64,0,0.0,drop,20.000093,50000.0,49929.1,1416,70.79967078153086,998587,0,0,0,41521.95692290031,1.2024750645137596,52.3,10.455,7.22346641088119,3.959824176,11.328,17.28,18.56,2742.102,27.264,62.208,3.6,12.992,True
rate,iv20,4,rate/iv20,20,64,0,0.0,drop,20.000055,50000.0,49849.1,3017,150.8495851636408,996985,0,0,0,39641.59098562479,1.2574952638257189,52.4,10.485,6.640981737300222,8.999954549999998,9.792,17.024,18.304,618.531,26.496,60.16,5.408,15.168,True
rate,iv20,5,rate/iv20,20,64,0,0.0,drop,20.000051,50000.0,49775.1,4497,224.84942663396208,995505,0,0,0,38259.70243775879,1.3009804024067035,51.8,10.367999999999999,7.069981971545973,6.719945231999999,12.608,17.024,18.304,690.449,27.008,60.672,5.472,16.768,True
rate,iv50,1,rate/iv50,50,64,0,0.0,drop,20.000062,20000.0,19971.7,565,28.249912425271482,399435,0,0,0,19965.338107451866,1.0003180502268925,23.3,4.662,3.703988517635595,4.439873904000001,14.016,15.808,17.024,9428.72,24.704,34.048,0.836,26.496,True
rate,iv50,2,rate/iv50,50,64,0,0.0,drop,20.000047,20000.0,19995.4,92,4.599989190025404,399908,0,0,0,19984.803035712866,1.0005278998841622,21.9,4.3759999999999994,3.5804915858447735,1.439986248,12.608,15.936,17.536,952.065,23.936,34.048,0.74,11.328,True
rate,iv50,3,rate/iv50,50,64,0,0.0,drop,20.000131,20000.0,19995.9,82,4.099973145175899,399920,0,0,0,19989.71906734011,1.0003076561354887,21.2,4.247,3.1804791678614506,0.11999788800000001,12.352,15.68,17.024,1150.9,23.424,33.024,0.756,10.944,True
rate,iv50,4,rate/iv50,50,64,0,0.0,drop,20.000042,20000.0,19998.3,34,1.699996430007497,399966,0,0,0,19992.058016678166,1.0003101224983868,21.7,4.35,3.8269919633168765,0.59999709,12.352,15.296,16.512,486.853,23.936,32.64,0.684,24.96,True
rate,iv50,5,rate/iv50,50,64,0,0.0,drop,20.000048,20000.0,19998.2,36,1.799995680010368,399964,0,0,0,19994.052014275167,1.0002050604928454,23.1,4.609999999999999,3.8519907552221873,1.5599873640000004,12.608,15.808,17.024,676.127,24.96,34.048,0.748,26.24,True
